{"incre_win_rate": 0.9341317365269461, "_timestamp": 1725438623.8034978, "value_loss": 0.03202974374095599, "policy_loss": -0.005723990739102133, "dist_entropy": 0.6116297443707784, "actor_grad_norm": 0.18458934128284454, "critic_grad_norm": 0.18458934128284454, "ratio": 0.9996627569198608, "dead_ratio": 0.056553542613983154, "average_step_rewards": 0.9058411717414856, "eval_win_rate": 1.0, "_runtime": 467.9881148338318, "_step": 380000, "_wandb": {"runtime": 476}}