{"incre_win_rate": 0.9829274416269144, "_timestamp": 1725453808.8422441, "value_loss": 0.013575700608392556, "policy_loss": -0.010369133122731, "dist_entropy": 0.38355318903923036, "grad_norm": 0.8285418152809143, "ratio": 1.0007787942886353, "dead_ratio": 0.013473033905029297, "average_step_rewards": 0.9862774014472961, "eval_win_rate": 1.0, "_runtime": 957.4892201423645, "_step": 1776000, "_wandb": {"runtime": 987}}