{"incre_win_rate": 0.8565248738284066, "_timestamp": 1725546337.684599, "value_loss": 0.057422240078449246, "policy_loss": -0.04189819482465585, "dist_entropy": 0.6270294825236002, "actor_grad_norm": 0.826519250869751, "critic_grad_norm": 0.09410836547613144, "ratio": 1.001343846321106, "dead_ratio": 0.0876164436340332, "average_step_rewards": 0.7985787987709045, "eval_win_rate": 0.875, "_runtime": 466.497496843338, "_step": 784000, "_wandb": {"runtime": 470}}