{"_wandb": {"runtime": 33}, "incre_win_rate": 0.0, "_timestamp": 1725536480.2270532, "value_loss": 0.6216087102890014, "policy_loss": -0.02424515737220645, "dist_entropy": 1.7254761060078938, "grad_norm": 3.119051456451416, "ratio": 1.0008103847503662, "dead_ratio": 0.2877578139305115, "average_step_rewards": 0.056342463940382004, "eval_win_rate": 0.375, "_runtime": 32.23751711845398, "_step": 16000}