{"incre_win_rate": 0.9593301435406698, "_timestamp": 1725542816.4440513, "value_loss": 0.004708528084059556, "policy_loss": -0.053563667461276054, "dist_entropy": 0.2562454640865326, "grad_norm": 1.9832184314727783, "ratio": 1.02687668800354, "dead_ratio": 0.07182967662811279, "average_step_rewards": 0.42933493852615356, "eval_win_rate": 0.9333333333333333, "_runtime": 2323.6652932167053, "_step": 1995000, "_wandb": {"runtime": 2352}}