{"incre_win_rate": 0.047540983606557376, "_timestamp": 1725549188.6966789, "value_loss": 0.12851841847101847, "policy_loss": -0.03503497444326058, "dist_entropy": 0.40631069938341774, "actor_grad_norm": 1.3104896545410156, "critic_grad_norm": 1.0984408855438232, "ratio": 0.9885327816009521, "dead_ratio": 0.1992814540863037, "average_step_rewards": 0.3893132507801056, "eval_win_rate": 0.0, "_runtime": 710.4508018493652, "_step": 682500, "_wandb": {"runtime": 708}}