{"incre_win_rate": 0.9716168271667511, "_timestamp": 1725451448.5743458, "value_loss": 0.015284582848350207, "policy_loss": -0.018400567614783845, "dist_entropy": 0.39771663149197894, "grad_norm": 0.0, "ratio": 0.9990652799606323, "dead_ratio": 0.016425490379333496, "average_step_rewards": 0.974054753780365, "eval_win_rate": 1.0, "_runtime": 919.2489488124847, "_step": 1696000, "_wandb": {"runtime": 943}}