{"_wandb": {"runtime": 38}, "incre_win_rate": 0.0, "_timestamp": 1725545781.924948, "value_loss": 0.5966341276963552, "policy_loss": -0.01711860621968905, "dist_entropy": 1.7266483942667643, "actor_grad_norm": 0.36303314566612244, "critic_grad_norm": 3.119875192642212, "ratio": 1.0005559921264648, "dead_ratio": 0.2852628231048584, "average_step_rewards": 0.056202057749032974, "_runtime": 26.134119033813477, "_step": 16000}