{"incre_win_rate": 0.0, "_timestamp": 1725476437.1065364, "value_loss": 0.00021637556492350995, "policy_loss": -0.011871164714849176, "dist_entropy": 0.8688975016276042, "actor_grad_norm": 0.11225468665361404, "critic_grad_norm": 0.015027442947030067, "ratio": 1.0002071857452393, "dead_ratio": 0.652557373046875, "average_step_rewards": 0.04191017895936966, "eval_win_rate": 0.0, "_runtime": 15306.859292507172, "_step": 9960000, "_wandb": {"runtime": 15349}}