{"incre_win_rate": 0.4642233856893543, "_timestamp": 1725544699.334541, "value_loss": 0.1279689500729243, "policy_loss": -0.03157105616604288, "dist_entropy": 0.14351395666599273, "encoder_grad_norm": 1.9162845611572266, "actor_grad_norm": 0.49625328183174133, "critic_grad_norm": 0.11931600421667099, "ratio": 1.0090652704238892, "dead_ratio": 0.16071856021881104, "average_step_rewards": 0.5593912601470947, "eval_win_rate": 0.2, "_runtime": 1666.300602197647, "_step": 1462500, "_wandb": {"runtime": 1673}}