{"incre_win_rate": 0.48450704225352115, "_timestamp": 1725530827.5501194, "value_loss": 0.004136870848014951, "policy_loss": -0.02719093784719059, "dist_entropy": 0.47492111921310426, "actor_grad_norm": 0.26367613673210144, "critic_grad_norm": 0.0401550754904747, "ratio": 1.0024263858795166, "dead_ratio": 0.1683882474899292, "average_step_rewards": 0.12683293223381042, "eval_win_rate": 0.65625, "_runtime": 29602.018767356873, "_step": 18660000}