{"incre_win_rate": 0.5652173913043478, "_timestamp": 1725536292.0216904, "value_loss": 0.00419738406005005, "policy_loss": -0.02645085804375261, "dist_entropy": 0.4594159622987111, "actor_grad_norm": 0.29220113158226013, "critic_grad_norm": 0.01682867854833603, "ratio": 1.002840280532837, "dead_ratio": 0.1319984793663025, "average_step_rewards": 0.12497276812791824, "eval_win_rate": 0.71875, "_runtime": 35066.4903383255, "_step": 22460000, "_wandb": {"runtime": 35122}}