{"incre_win_rate": 0.0, "_timestamp": 1725454114.3768375, "value_loss": 0.10748411665360133, "policy_loss": -0.19185913999875387, "dist_entropy": 1.796350932121277, "grad_norm": 0.8610353469848633, "ratio": 1.0025743246078491, "dead_ratio": 0.42077094316482544, "average_step_rewards": 0.06965576857328415, "eval_win_rate": 0.0, "_runtime": 142.48885560035706, "_step": 96000, "_wandb": {"runtime": 195}}