{"incre_win_rate": 0.9826953329837441, "_timestamp": 1725537326.6441581, "value_loss": 0.006951790085683266, "policy_loss": -0.0032212350299232638, "dist_entropy": 0.41587223013242086, "grad_norm": 0.4332035183906555, "ratio": 0.9980501532554626, "dead_ratio": 0.030376732349395752, "average_step_rewards": 0.9493424296379089, "eval_win_rate": 1.0, "_runtime": 807.2632210254669, "_step": 1456000, "_wandb": {"runtime": 846}}