{"incre_win_rate": 0.9451945988880064, "_timestamp": 1725461023.1076152, "value_loss": 0.008411236231525739, "policy_loss": -0.009928395910857072, "dist_entropy": 0.9637695034344991, "actor_grad_norm": 0.1495249718427658, "critic_grad_norm": 0.055048178881406784, "ratio": 0.9997732639312744, "dead_ratio": 0.1622442603111267, "average_step_rewards": 0.31948187947273254, "eval_win_rate": 0.96875, "_runtime": 3459.3933022022247, "_step": 2496000, "_wandb": {"runtime": 3465}}