{"incre_win_rate": 0.99175, "_timestamp": 1725452451.950679, "value_loss": 0.006232879093537728, "policy_loss": -0.0035502240349008693, "dist_entropy": 0.3954804221789042, "actor_grad_norm": 0.09636720269918442, "critic_grad_norm": 0.01721610128879547, "ratio": 0.9995325803756714, "dead_ratio": 0.014200747013092041, "average_step_rewards": 0.9992294907569885, "eval_win_rate": 1.0, "_runtime": 951.9520440101624, "_step": 1776000, "_wandb": {"runtime": 989}}