{"incre_win_rate": 0.5923809523809523, "_timestamp": 1725544696.199343, "value_loss": 0.08874716361363728, "policy_loss": -0.009111816983348339, "dist_entropy": 0.35826296210289, "actor_grad_norm": 0.17901578545570374, "critic_grad_norm": 0.11688324064016342, "ratio": 0.9993463754653931, "dead_ratio": 0.139268159866333, "average_step_rewards": 0.5652729272842407, "eval_win_rate": 0.5333333333333333, "_runtime": 1662.51557803154, "_step": 1537500, "_wandb": {"runtime": 1673}}