{"incre_win_rate": 0.8902777777777777, "_timestamp": 1725542822.300797, "value_loss": 0.005610738725711902, "policy_loss": -0.011345294779096094, "dist_entropy": 0.6482505281766255, "actor_grad_norm": 0.1197248101234436, "critic_grad_norm": 0.07472888380289078, "ratio": 0.9993007183074951, "dead_ratio": 0.15933465957641602, "average_step_rewards": 0.3783588409423828, "eval_win_rate": 1.0, "_runtime": 2392.4612460136414, "_step": 2145000, "_wandb": {"runtime": 2416}}