{"incre_win_rate": 0.8886872353297036, "_timestamp": 1725548169.3412724, "value_loss": 0.010046301223337651, "policy_loss": -0.07243815809488297, "dist_entropy": 1.4592723449071248, "actor_grad_norm": 1.7277432680130005, "critic_grad_norm": 0.06341885030269623, "ratio": 1.0211036205291748, "dead_ratio": 0.22780686616897583, "average_step_rewards": 0.35355740785598755, "eval_win_rate": 1.0, "_runtime": 1750.9072954654694, "_step": 1296000, "_wandb": {"runtime": 1828}}