{"incre_win_rate": 0.9957264957264957, "_timestamp": 1725457523.4958189, "value_loss": 0.0030744451408584914, "policy_loss": -0.06116572165240844, "dist_entropy": 1.09859832127889, "grad_norm": 3.2740094661712646, "ratio": 1.005832314491272, "dead_ratio": 0.08880364894866943, "average_step_rewards": 0.48065903782844543, "eval_win_rate": 1.0, "_runtime": 3305.7985758781433, "_step": 2576000, "_wandb": {"runtime": 3323}}