{
    "left_team": [
        [
            -0.83065307,
            0.00137727
        ],
        [
            0.05034561,
            -0.19517975
        ],
        [
            0.00896567,
            -0.06421203
        ],
        [
            -0.13385056,
            0.07251088
        ],
        [
            -0.09051432,
            0.24840567
        ],
        [
            0.13229874,
            -0.01378335
        ],
        [
            0.09359775,
            -0.01760273
        ],
        [
            0.06990832,
            0.09815817
        ],
        [
            0.20653804,
            -0.25814644
        ],
        [
            0.21912786,
            0.04619399
        ],
        [
            0.18542694,
            0.26751602
        ]
    ],
    "right_team": [
        [
            0.98768502,
            0.01271587
        ],
        [
            0.17477705,
            0.2375412
        ],
        [
            0.02977581,
            0.17380871
        ],
        [
            0.24000002,
            0.00726431
        ],
        [
            0.1910755,
            -0.18177453
        ],
        [
            0.20748311,
            0.10813853
        ],
        [
            0.18316796,
            0.01704277
        ],
        [
            -0.04007025,
            -0.05370144
        ],
        [
            0.01426418,
            0.26782903
        ],
        [
            -0.16903239,
            0.02879494
        ],
        [
            -0.13626638,
            -0.22631779
        ]
    ],
    "ball": [
        0.1844845,
        0.26205987
    ]
}