{
    "left_team": [
        [
            -0.827436328,
            -8.13460429e-05
        ],
        [
            0.322676957,
            -0.233664691
        ],
        [
            0.345364034,
            -0.0209667645
        ],
        [
            0.207574397,
            0.0598680079
        ],
        [
            0.0961255059,
            0.258891106
        ],
        [
            0.775169909,
            -0.111283503
        ],
        [
            0.553206801,
            -0.0108993324
        ],
        [
            0.697859883,
            0.0539035611
        ],
        [
            0.533701301,
            -0.189403325
        ],
        [
            0.735079408,
            -0.0433112569
        ],
        [
            0.708024085,
            0.219841823
        ]
    ],
    "right_team": [
        [
            0.88413662,
            -0.05471249
        ],
        [
            0.55130571,
            0.15616356
        ],
        [
            0.67497098,
            -0.07986093
        ],
        [
            0.77725959,
            -0.0150193
        ],
        [
            0.56862473,
            -0.21860161
        ],
        [
            0.2618503,
            0.10251599
        ],
        [
            0.31077847,
            -0.02540296
        ],
        [
            0.6620211,
            -0.10386209
        ],
        [
            0.20934738,
            0.24746113
        ],
        [
            -0.00359522,
            -0.00437734
        ],
        [
            0.19097133,
            -0.27455148
        ]
    ],
    "ball": [
        0.92121536,
        -0.05981178
    ]
}