{"incre_win_rate": 0.0, "_timestamp": 1725475614.8164606, "value_loss": 0.007047918376823266, "policy_loss": -0.11572895646095276, "dist_entropy": 0.08364453315734863, "grad_norm": 0.9097162485122681, "ratio": 1.1027482748031616, "dead_ratio": 0.6058632731437683, "average_step_rewards": 0.1237974464893341, "eval_win_rate": 0.0, "_runtime": 14460.930231571198, "_step": 9960000, "_wandb": {"runtime": 14506}}