{"incre_win_rate": 0.9778378378378378, "_timestamp": 1725539760.9633162, "value_loss": 0.0035207389388233422, "policy_loss": -0.05844016782939434, "dist_entropy": 1.2886413097381593, "grad_norm": 2.4677138328552246, "ratio": 1.0043747425079346, "dead_ratio": 0.12514346837997437, "average_step_rewards": 0.46529990434646606, "eval_win_rate": 1.0, "_runtime": 2155.3001861572266, "_step": 1696000, "_wandb": {"runtime": 2226}}