{"incre_win_rate": 0.0, "_timestamp": 1725530881.3054605, "value_loss": 0.005986031362166007, "policy_loss": -0.06911954258879026, "dist_entropy": 0.15867308974266053, "grad_norm": 0.77329021692276, "ratio": 1.041628360748291, "dead_ratio": 0.6668912172317505, "average_step_rewards": 0.09447349607944489, "eval_win_rate": 0.0, "_runtime": 29685.20196056366, "_step": 20460000}