{"incre_win_rate": 0.0, "_timestamp": 1725533084.267426, "value_loss": 0.006482332913825909, "policy_loss": -0.05646432240804036, "dist_entropy": 0.14641684691111248, "grad_norm": 0.8264976739883423, "ratio": 1.1085599660873413, "dead_ratio": 0.646382212638855, "average_step_rewards": 0.10471795499324799, "eval_win_rate": 0.0, "_runtime": 31888.163926124573, "_step": 21960000, "_wandb": {"runtime": 31955}}