{"_wandb": {"runtime": 33}, "incre_win_rate": 0.0, "_timestamp": 1725545664.5300996, "value_loss": 0.6032966494560241, "policy_loss": -0.040075849493344626, "dist_entropy": 1.7278428554534913, "actor_grad_norm": 0.4552963078022003, "critic_grad_norm": 3.1331300735473633, "ratio": 1.0006300210952759, "dead_ratio": 0.28662675619125366, "average_step_rewards": 0.05597808212041855, "_runtime": 16.233099699020386, "_step": 7500}